21731241,34746174,45249518,55209528,65831255,76509440,86702757,97311593,107634081,118160116,129106426,139807114,150847141,162185377,173881699,184406697,195537221,207008722,217899081,229072608,240469898,251857394,263162681,274603329,286122806,297238598,309166474,321171760,332457413,343940703,354987741,366731038,378605355,390314487,401634109,413217223,424352177,435979412,448264657,460052266,472099279,484011106,495601349,507838974,519924182,531748681,544190460,556520414,568583221,581159851,593449565,605140226,617812500,630266738,642796306,654947424,667336280,679192958,691943829,704450024,717143350,729965018,742865979,755471649,768435276,781556678,794477403,807692804,821147465,833848326,849281871,858241182,868624560,878043548,894938562,909872510,921934577,934482844,946985955,959914413,972376302,983507438,995515814,1006329181,1017141882,1030118991,1052077454,1063319227,1082032572,1093236694,1103071574,1111354663,1121509647,1131785035,1141448013,1153188773,1164407006,1174539611,1184905261,1196072287,1206097758,1220580942,1232305097,1242896662,1258471940,1269214486,1280085541,1292841322,1303477331,1314193317,1324496322,1337198155,1350745842,1361029050,1377377192,1387126346,1397399140,1407421833,1416465399,1425663979,1434244226,1437949453,1464455176,1474141545,1474587548,1475064177,1475484151,1493822287,1518172770,1542222867,1566224167,1590341314,1614293620,1627261313,1632374449,1640517440,1666770623,1698863838,1731014967,1762840195,1794939371,1826760909,1858583730,1889438188,1918039964,1946745702,1975472604,2004557645,2033352468,2062023106,2091347791,2120015069,2148845787,2177664219,2206913278,2230364264,2241085479,2242523768,2253730141,2271124979,2303245638,2335212655,2367284415,2399305748,2431172245,2462573205,2494262163,2522473064,2551627912,2580347704,2608950619,2637768924,2666536890,2695501516,2724071764,2753272306,2781960515,2810676713,2839377693,2852341807,2856224664,2864737298,2873277286,2904826677,2935994845,2967730570,2999028229,3030565620,3061868389,3092907180,3122990052,3151309864,3180011560,3208472053,3237273690,3265672187,3294291281,3323419858,3352003522,3380779099,3409177384,3437984107,3465186650,3477485687,3480212063,3490165312,3501389127,3532262687,3560416517,3591177260,3621764795,3652589208,3683406354,3713792125,3743955318,3771634964,3800248602,3828486624,3856613541,3884899080,3913113909,3941691181,3969578404,3998505251,4026714999,4054552778,4082915555,4100417290,4107301058,4112596901,4120480646,4147106347,4178291656,4209427045,4240291738,4271435170,4302499313,4332995103,4364231658,4392458624,4421159996,4449131461,4477527029,4506208104,4534317332,4562697114,4591208499,4620019386,4648180719,4676132972,4704914892,4725333997,4741880285,4772004706,4801920674,4832164642,4862346367,4892653059,4906289456,
259
7542655,26135200,47514558,59594988,69937352,80209200,90669629,101713156,112205318,122831870,133305454,144036275,155020069,166052351,177230903,189075291,200333689,211174737,222300712,233551944,245037390,255952957,268179357,279227045,290419418,302131973,313798689,325729769,336998871,349110442,360529198,372103157,384060761,395359031,407144436,418827909,429922453,442215504,453821201,465342350,477316339,489345115,501105585,512985988,525354601,537615871,550170766,562466600,574451073,587114886,599563407,611419102,624080345,636535709,648994745,661454099,673797745,685677528,698691208,710701566,723383204,736221123,749157508,761994006,774750969,787738502,800704637,813868655,826981983,840077849,852911185,868027314,880160795,889452219,900648917,915335058,928547447,941346047,953775238,966795938,979570770,991796540,1004801178,1015595557,1026601267,1037835931,1049678738,1066723313,1083477677,1094080047,1113238152,1122602714,1132660081,1141463406,1151712385,1160469159,1171152849,1183278305,1193271497,1203068396,1214826335,1225421522,1235411466,1249465847,1260188342,1272090583,1285893151,1296674302,1306803678,1320762594,1330381345,1340836606,1350106429,1362686404,1376272466,1386928127,1403282659,1412860175,1422941326,1433095314,1442291930,1452281069,1461574635,1462754861,1492410357,1499176431,1499685055,1500106726,1500827630,1524490451,1549101229,1573653029,1598082374,1622611920,1647127708,1652267360,1661328103,1671175736,1703688618,1735590553,1767965374,1799929067,1831900524,1863614636,1895505315,1925107264,1954007582,1982628206,2011374467,2038776784,2067448249,2096130415,2125189968,2154396817,2183026664,2211582724,2240761043,2259237101,2266640110,2272418497,2279993822,2309545080,2341740367,2373617087,2405357802,2437259886,2468933365,2500606111,2531721240,2560220972,2589044040,2617620603,2646752695,2675396319,2704049650,2733261037,2762048096,2790765126,2819517799,2848785979,2871291476,2880982936,2883757915,2893833334,2914829428,2946366247,2977890011,3009515936,3040930740,3072317835,3103127685,3134339923,3163040137,3191718039,3220258543,3248858516,3277820528,3306332371,3334931238,3363606629,3392707712,3421133951,3449493150,3478188978,3497244511,3504993834,3510348540,3518296536,3545864148,3577090947,3607850668,3638492514,3669287657,3700070779,3730323635,3761483998,3789521092,3818082674,3846125040,3874047542,3902773525,3931065463,3959225732,3987512127,4016144577,4044174270,4072131281,4100974061,4122484235,4131727461,4134960420,4144639950,4166532975,4197777886,4228837080,4260029190,4291009285,4321817510,4352361910,4383538221,4412355046,4440813770,4468935328,4497138955,4526070347,4554187138,4582401873,4611113728,4639691946,4667807820,4695989048,4724924657,4747936457,4761888712,4791310717,4821117149,4851064689,4880609191,4910282222,4930237183,
260
8263209,19467620,44546485,57537412,67970767,78080597,88482775,99015008,109625077,120201397,131061602,141686222,152613135,163445582,174627709,185794769,197548088,208200247,219328028,230295134,241877343,252922565,264400600,275319860,286925665,298445134,309921678,321140693,332667693,344346627,356406217,368093162,379304029,391027163,402517027,413800847,426047919,437677068,448873061,460566669,472472675,484130590,496176090,508409820,520433138,532675200,544766184,556630080,569155837,581587565,593746866,606383978,618663488,630316148,643132437,655610392,668143394,680346942,692756906,704499703,717195165,729919628,742643119,755465067,768392289,781139370,794116717,807309760,820252288,832829338,845524014,859424801,875227455,884225115,894705240,904346352,920694133,935194493,946883319,959396066,971636745,982581445,995750363,1007987693,1018589706,1029526483,1040088272,1051872820,1070834306,1085197241,1095543516,1113913544,1123566400,1133574569,1142220701,1152385694,1160925048,1171594884,1183520381,1193339952,1203192278,1214172236,1224844803,1234367497,1248743135,1259301120,1270381996,1285031719,1295537615,1305833280,1318240312,1328391422,1338665760,1349111341,1360027911,1373644856,1384908857,1396242179,1409726861,1420249563,1430731446,1439625959,1449374923,1458002529,1463247886,1485687185,1500719200,1501230254,1501687868,1502134796,1512388279,1536684976,1560952026,1585379838,1609594687,1633771736,1653585569,1655166881,1666116974,1680245570,1712197262,1744039906,1775590988,1807634431,1839550675,1870706074,1902348379,1930761652,1959452954,1987683773,2015778681,2044417946,2072558722,2100747948,2128874262,2157521902,2185666298,2213735288,2242115606,2259877734,2267965735,2271644304,2280697962,2301140961,2333126027,2365120558,2396530123,2428323065,2459925961,2491163603,2522760489,2550286615,2578799109,2607174858,2635304063,2663315501,2691506916,2719974885,2748018866,2776769719,2804860108,2832857274,2860893136,2876073778,2882699099,2887826955,2895640665,2919607036,2951016850,2982380488,3013533555,3044498253,3075769028,3106469934,3137479580,3165323931,3193818049,3221775113,3249667039,3278305642,3306083445,3334005805,3362113215,3390709704,3418382860,3446261389,3474615123,3496277972,3506185816,3507572985,3518530585,3532555292,3563028175,3593469113,3623832832,3654327375,3684962581,3715422056,3745758610,3774938448,3802512220,3830269016,3857927285,3885485662,3913295706,3940914552,3968708545,3996124273,4024447522,4052025019,4079394953,4107074268,4125197737,4133251451,4136627668,4145895863,4164908155,4195938322,4226684404,4257505113,4288202726,4319227527,4349597459,4380436335,4409264308,4437081980,4464764711,4492710312,4520743450,4548489173,4576163289,4604521373,4632287820,4660252790,4688073511,4715863928,4743600700,4755361966,4778627538,4807741602,4836771252,4865618526,4894781646,4922980508,4934713497,
265
140186163471406,140186188437410,140186207255827,140186217287979,140186227651564,140186238063878,140186248570121,140186259029062,140186269433520,140186280140171,140186290629390,140186301364417,140186312061822,140186323134162,140186334660485,140186345970388,140186356960155,140186368224332,140186379123391,140186389978192,140186401662277,140186413039027,140186424390478,140186435447672,140186446484811,140186457841083,140186469620084,140186480966805,140186492608510,140186504436958,140186515441355,140186527546965,140186538909506,140186550564469,140186561709211,140186573178038,140186585176424,140186596642818,140186608367771,140186619749935,140186631800498,140186643591574,140186655998021,140186667834117,140186679774661,140186691915463,140186703895664,140186716085956,140186728473223,140186740652863,140186753018855,140186765268809,140186777320988,140186790141692,140186802417732,140186814416898,140186827255109,140186839295902,140186851759292,140186864392269,140186876829037,140186889598574,140186902042942,140186914672047,140186927633050,140186940403915,140186952887920,140186966530501,140186979590143,140186992369471,140187006266477,140187022121125,140187031228282,140187041663823,140187050804473,140187066371124,140187080519527,140187092400644,140187105114261,140187117355048,140187129494039,140187141978540,140187153219853,140187163684236,140187174446678,140187185478806,140187196765243,140187211527691,140187230038455,140187239656273,140187249392074,140187268196533,140187276424359,140187286091432,140187294812586,140187305349897,140187314647303,140187326513631,140187337329707,140187347801323,140187357421830,140187368452098,140187378237918,140187391725276,140187403833386,140187414246200,140187429298836,140187439674917,140187449794718,140187462289205,140187473140249,140187483250480,140187494043901,140187504478818,140187518399840,140187529493026,140187538437428,140187554586510,140187564547991,140187575508344,140187584434947,140187593870070,140187602535030,140187608925012,140187621668465,140187645121370,140187645618949,140187646080398,140187646527299,140187656393076,140187680825431,140187705142723,140187729360223,140187753432491,140187777710977,140187798085356,140187800122454,140187810780364,140187827632926,140187859346681,140187891316017,140187923343469,140187955342520,140187987166301,140188018354026,140188051048075,140188079120234,140188107791540,140188136113209,140188164111552,140188192692012,140188221028895,140188249419322,140188277540143,140188306352120,140188334289360,140188362714900,140188391477930,140188406390063,140188412754907,140188418767206,140188425970005,140188453278224,140188484929013,140188516695116,140188547729659,140188579281530,140188610768168,140188642335003,140188672763059,140188700581641,140188729080874,140188757320083,140188785447846,140188813610442,140188841820856,140188870589563,140188898514012,140188926936474,140188955149358,140188983281013,140189011115992,140189022512621,140189027406754,140189035346076,140189043047769,140189074248925,140189105368978,140189136808427,140189167739354,140189199152680,140189230381886,140189261357663,140189292178331,140189319975563,140189348139456,140189376344046,140189404434645,140189432650459,140189460687130,140189489130439,140189516949071,140189545670026,140189573459120,140189601579420,140189630084771,140189644857210,140189651163452,140189657375952,140189664400732,140189691862400,140189722657098,140189753251129,140189783317044,140189813849779,140189844386915,140189874539563,140189904777213,140189932676571,140189960628491,140189988085202,140190015546758,140190043971024,140190071565879,140190099086682,140190125225638,140190152834259,140190180657832,140190208336106,140190236300564,140190263327740,140190274229662,140190278769527,140190286998880,140190295401898,140190326456842,140190357055868,140190388138774,140190418687665,140190449712491,140190480606990,140190511203148,140190542331982,140190570004697,140190598268052,140190625931128,140190653778442,140190681739679,140190709518329,140190737450273,140190765258475,140190793661605,140190821196831,140190848872575,140190877618646,140190896891592,140190914370909,140190943612020,140190972529879,140191002097571,140191031421723,140191061203689,140191077708175,
263
140186164199590,140186185204376,140186207172951,140186217095548,140186227687185,140186237722142,140186248338262,140186259002584,140186269586954,140186280353719,140186290659573,140186301692536,140186312468562,140186323435378,140186335045402,140186346324956,140186357687836,140186368514249,140186379950183,140186390885120,140186402228144,140186413370282,140186425382890,140186436396632,140186447550744,140186459206148,140186470880043,140186482798086,140186494052356,140186506171856,140186517583744,140186529138296,140186540918653,140186552378832,140186564063364,140186575817649,140186586860162,140186598662900,140186610606462,140186622310289,140186634157190,140186646238712,140186658003478,140186669915877,140186682128757,140186693998632,140186706100387,140186718602113,140186731140139,140186743782674,140186755928779,140186768253914,140186780761653,140186793301972,140186805423782,140186817466910,140186829926517,140186841665451,140186854240255,140186866408547,140186879376110,140186892005746,140186904303070,140186917802921,140186930689293,140186942870155,140186956581162,140186969577689,140186982249242,140186996148344,140187009211926,140187021544834,140187036549776,140187045937361,140187056497524,140187070080305,140187083486810,140187096721845,140187109960651,140187122926171,140187135411954,140187147880401,140187161465375,140187172032118,140187183186637,140187194372409,140187206087286,140187221034746,140187239877469,140187250814276,140187269422061,140187279459999,140187288972402,140187298349225,140187307522161,140187317261632,140187326854114,140187339647291,140187349858451,140187359761034,140187370043763,140187380579160,140187390385744,140187404259491,140187415663598,140187426278813,140187441425148,140187451950051,140187462549765,140187475070133,140187485389425,140187495995020,140187506589852,140187518130101,140187531509465,140187543017748,140187557274215,140187568512082,140187578815292,140187589420390,140187598470637,140187608302318,140187617015156,140187621332732,140187644280602,140187657599724,140187658125040,140187658564864,140187658985116,140187675218220,140187699620890,140187724286674,140187748723872,140187773227559,140187797518345,140187810717069,140187816372415,140187824127623,140187852614320,140187885167656,140187917727525,140187949371188,140187981466569,140188013474376,140188045301300,140188075685482,140188104272980,140188132976656,140188162124450,140188191285533,140188219984092,140188248673900,140188277811371,140188306643973,140188335129253,140188363824905,140188393227309,140188415028390,140188424627821,140188427861299,140188437606509,140188460127778,140188489649090,140188522153532,140188554337041,140188586245961,140188618015511,140188649498381,140188681194892,140188709332718,140188738516982,140188767411607,140188796236550,140188825047271,140188853751572,140188882885843,140188911537417,140188940450646,140188969163807,140188997972661,140189025399721,140189037915878,140189040464719,140189051100935,140189063818616,140189095508181,140189127069207,140189158916266,140189190230378,140189221635662,140189252926787,140189284129572,140189313790099,140189342048387,140189370489287,140189399304025,140189428264963,140189456888459,140189485171866,140189514319247,140189542972240,140189571488008,140189599900608,140189629008498,140189652571748,140189663533653,140189665301381,140189676273512,140189694364979,140189725419751,140189756446985,140189787389840,140189818413429,140189849100915,140189879595796,140189910295023,140189939197789,140189967320234,140189995541285,140190024027717,140190052696708,140190080764480,140190108740503,140190137559463,140190165732869,140190194064804,140190222058475,140190250564673,140190276831493,140190289269959,140190291204228,140190302274015,140190316054358,140190347368922,140190378637675,140190410041433,140190440932765,140190471868904,140190502861741,140190533789288,140190563589187,140190591679263,140190619968883,140190648399054,140190677111854,140190705268840,140190733507987,140190762380704,140190790674006,140190818976357,140190847253302,140190875756490,140190903041562,140190915460358,140190938628399,140190968707262,140190998558333,140191028493456,140191058572080,140191083715231,140191095421245,
261
140186165547204,140186192743682,140186206596279,140186216541125,140186227033704,140186237350526,140186248026481,140186258414752,140186269198945,140186279671213,140186290505282,140186301211782,140186311878697,140186323177498,140186334502527,140186345860566,140186356686629,140186368066156,140186378960063,140186389895724,140186401298672,140186413142644,140186424103743,140186435357795,140186446430622,140186458317700,140186469787703,140186481436294,140186493042076,140186504833518,140186515847225,140186527776103,140186539462338,140186550905116,140186562206439,140186573859024,140186585323938,140186597131180,140186608732456,140186620618654,140186632270932,140186644085556,140186656081404,140186667675823,140186679694019,140186691736657,140186703923110,140186716528748,140186728913234,140186741244508,140186753742430,140186766192318,140186777779223,140186790625378,140186803026951,140186815549978,140186827727545,140186840105750,140186851748721,140186864426874,140186877187708,140186889811388,140186902569207,140186914133015,140186927384068,140186940117428,140186952654030,140186966405986,140186979432829,140186992181912,140187005840092,140187021954540,140187030913064,140187041420035,140187051121459,140187065347023,140187078361340,140187090997547,140187103353356,140187116610839,140187129306735,140187142046699,140187154697335,140187165530138,140187176273260,140187187176966,140187198722718,140187217024334,140187232642253,140187242906385,140187261530641,140187270991227,140187280864740,140187289603525,140187300044581,140187309059442,140187319271338,140187331274904,140187341318910,140187351182942,140187362716662,140187372497095,140187381906778,140187396195135,140187406846998,140187418006816,140187432522127,140187443056674,140187453512781,140187465778377,140187475869861,140187486090305,140187496668327,140187507571342,140187521270999,140187532184405,140187543656650,140187557370010,140187567906523,140187578513910,140187587539111,140187597321744,140187606108686,140187610985304,140187632908345,140187647911742,140187648360618,140187648817985,140187649265365,140187662280720,140187686788593,140187711475419,140187736128617,140187760719494,140187785362810,140187801244109,140187805357691,140187814449743,140187838879641,140187871540785,140187903853319,140187935676709,140187967552308,140187999494736,140188031096832,140188062206734,140188088108098,140188117326103,140188145182540,140188174000760,140188202851471,140188231598752,140188260814876,140188289419314,140188318361115,140188347043695,140188376008965,140188402738091,140188415169526,140188417232426,140188428691037,140188443546863,140188475712873,140188507845486,140188540024413,140188571893847,140188603974516,140188635854142,140188667685790,140188696206074,140188725374485,140188754265745,140188783003691,140188811878343,140188840611340,140188869591060,140188898424037,140188927734350,140188956423003,140188985140062,140189013755726,140189027586319,140189031567717,140189040661729,140189050378860,140189082030663,140189113375957,140189144942807,140189176262290,140189207502647,140189238888727,140189270135787,140189300295298,140189328644950,140189357228863,140189385822366,140189414736473,140189443132266,140189471645489,140189500715369,140189529250830,140189557837835,140189586410984,140189615227785,140189641458101,140189653684963,140189655671855,140189667160634,140189682270202,140189713171210,140189743940267,140189774871111,140189805544304,140189836451651,140189867049053,140189897859558,140189927278034,140189955141794,140189983538576,140190011918514,140190040441009,140190068475187,140190096568139,140190125491631,140190153653425,140190182039042,140190210249487,140190238595000,140190266575711,140190279284249,140190282386869,140190292414102,140190304108247,140190335425383,140190366542526,140190397819351,140190428827342,140190459551247,140190490353546,140190521271658,140190551457414,140190579733855,140190608169484,140190636568176,140190664883302,140190693008376,140190721394494,140190750216447,140190778385383,140190806936594,140190835180206,140190863465378,140190891864756,140190905205307,140190930069072,140190959969055,140190989525515,140191019535810,140191049658182,140191074854911,140191086582178,
261
