10534596,20980240,31465072,41968912,52416216,62899820,73377696,83844740,94315792,104799456,115279932,125745724,136222956,146704004,157168316,167645644,178126136,188597468,199069424,209545884,220022252,230498256,240971564,251446364,261928912,272399084,282878440,293351976,303824312,314302448,324776792,335250392,345733172,356220820,366680000,377155392,387626576,398107836,408581896,419058444,429533004,440007524,450485028,460963396,471433872,481912320,492385620,502864308,513345068,523812816,534285872,544759444,555245712,565715904,576182088,586661068,597142400,607624452,618089460,628572580,639042400,649517456,659991848,670469368,680942512,691419512,701892752,712368316,722848212,733313624,743792552,754273160,764740164,775222176,785696712,796168156,806646844,817122312,827595008,838073552,848551752,859022376,869497824,879971920,890451136,900930980,911398776,921889228,932346356,942819688,953314328,963775856,974253900,984731752,995214580,1005683240,1016176416,1026624080,1037110136,1047593652,1058053360,1068532044,1079010388,1089476192,1099963824,1110444052,1120922192,1131393928,1141810144,1152293668,1162808332,1173286376,1183759220,1194237744,1204711264,1215189576,1225667940,1236168372,1246623788,1257086604,1267565460,1278036712,1288525544,1299018612,1309463800,1319939780,1330417900,1340892092,1351380700,1361845520,1372317312,1382793564,1393277000,1403740028,1414226788,1424693564,1435170352,1445655640,1456121800,1466594792,1477073644,1487547680,1498022376,1508498976,1518971392,1529451104,1539924960,1550416716,1560876952,1571353916,1581825080,1592302320,1602734968,1613253380,1623725764,1634206756,1644683904,1655157732,1665637840,1676112416,1686582324,1697057396,1707541948,1718008892,1728484892,1738958780,1749440948,1759916056,1770385320,1780860320,1791334020,1801814756,1812288472,1822762200,1833238804,1843725740,1854189180,1864668144,1875148304,1885622508,1896104544,1906578860,1917055060,1927526400,1937999892,1948476084,1958945564,1969426168,1979895564,1990367532,2000847076,2011320264,2021807916,2032276660,2042751916,2053225212,2063723836,2074168620,2084642996,2095126024,2105597760,2116071992,2126548712,2137027852,2147458724,2157983400,2168449124,2178930400,2189407844,2199882148,2210354212,2220833252,2231313576,2241791672,2252262544,2262736968,2273210660,2283685616,2294160152,2304640444,2315127596,2325593028,2336065936,2346574284,2357017580,2367488652,2377968420,2388444588,2398919744,2409393748,2419818828,2430342272,2440823916,2451290092,2461766160,2472251376,2482740572,2493192792,2503670676,2514171812,2524621540,2535097028,2545579528,2556050380,2566523988,2577002140,2587475348,2597953120,2608434688,2618904044,2629378828,2639864676,2650329580,2660801504,2671303328,2681756052,2692258332,2702705120,2713180076,2723660584,2734125064,2744616032,2755081408,2765569380,2776047212,2786520248,2796995604,2807466788,2817928096,2828433080,2838906496,2849365564,2859836748,2870311568,2880788976,2891262700,2901741880,2912216036,2922635724,2933118568,2943649048,2954118376,2964615376,2975061416,2985487168,2996012072,3006495092,3017001364,3027447048,3037929680,3048394260,3058871624,3069348836,3079767900,3090291176,3100795100,3111249520,3121718316,3132194240,3142675588,3153144248,3163615996,3174093976,3184573660,3195049232,3205518168,3215996580,3226481580,3236989224,3247421164,3257898612,3268376684,3278853360,3289358860,3299805844,3310300044,3320757436,3331223856,3341705856,3352177484,3362653596,3373129824,3383627868,3394080476,3404557072,3415036972,3425508256,3435991272,3446466124,3456938704,3467409728,3477886888,3488310388,3498827360,3509258732,3519813016,3530260192,3540740228,3551214888,3561718624,3572162132,3582668424,3593113188,3603543660,3614018832,3624543028,3635025312,3645507880,3655970240,3666446776,3676925824,3687405056,3697902224,3708351984,3718820576,3729336060,3739805532,3750247316,3760718172,3771200364,3781676484,
361
10430860,20969228,31416848,41898704,52372080,62853104,73332156,83803444,94278032,104751908,115226656,125706636,136180304,146656312,157125360,167606992,178077572,188560324,199039416,209505768,219977076,230458188,240938036,251410996,261888704,272358536,282838988,293318996,303808708,314265796,324737864,335254268,345689056,356170352,366645608,377115300,387619876,398062840,408544064,419021492,429493280,439970244,450474252,460915260,471394612,481872648,492347844,502823152,513300748,523778288,534242728,544727728,555198296,565679148,576147156,586630612,597104824,607569468,618052960,628521972,639006496,649475532,659947676,670426720,680898584,691387416,701858640,712341548,722806016,733293796,743766268,754243728,764714660,775184032,785674544,796145096,806621700,817096660,827567548,838037664,848509664,858989712,869472596,879927472,890420000,900888264,911363204,921840916,932320580,942795588,953264432,963745368,974222232,984698364,995172040,1005643876,1016121828,1026593884,1037073788,1047548072,1058025988,1068498744,1078972936,1089448832,1099969420,1110397444,1120872828,1131338376,1141823544,1152296108,1162775520,1173251004,1183769672,1194197772,1204674788,1215147144,1225630476,1236101264,1246582240,1257055260,1267529784,1278002752,1288470860,1298956024,1309429480,1319938232,1330387908,1340841684,1351325340,1361809060,1372281116,1382729472,1393240120,1403704952,1414131656,1424658316,1435133440,1445611412,1456115016,1466562660,1477038248,1487520692,1497985668,1508467800,1518941364,1529416332,1539904924,1550366192,1560843964,1571317180,1581795932,1592300660,1602741376,1613219476,1623689912,1634177908,1644675028,1655128740,1665599664,1676081028,1686553640,1697024684,1707506516,1717977292,1728452040,1738923468,1749403920,1759874824,1770360780,1780826104,1791301960,1801777748,1812255340,1822727572,1833201968,1843678628,1854149188,1864654688,1875104616,1885584728,1896051028,1906527960,1917040916,1927489768,1937964636,1948437232,1958912076,1969392648,1979865396,1990338632,2000814108,2011291024,2021765048,2032236776,2042717528,2053191952,2063650524,2074142956,2084619664,2095090980,2105570864,2116045464,2126519436,2136996092,2147469940,2157945508,2168426136,2178896592,2189374256,2199847568,2210317636,2220791132,2231273932,2241751436,2252224300,2262702740,2273182324,2283648488,2294120680,2304599376,2315078612,2325555728,2336031632,2346503336,2356977888,2367458612,2377931844,2388406420,2398883668,2409360016,2419831272,2430246016,2440778124,2451252648,2461730336,2472220640,2482683172,2493155892,2503628092,2514118544,2524592160,2535062356,2545534248,2556011096,2566494720,2576963768,2587437924,2597922244,2608395432,2618814088,2629293788,2639818672,2650309572,2660767144,2671187516,2681716928,2692191360,2702663600,2713138120,2723615088,2734093580,2744568084,2755046224,2765515416,2775995476,2786469044,2796943172,2807416700,2817901824,2828368308,2838848512,2849322620,2859800124,2870270704,2880748660,2891171696,2901698244,2912174332,2922648928,2933122172,2943602748,2954074096,2964552920,2975024472,2985502724,2995974492,3006449944,3016928304,3027405160,3037878508,3048355856,3058830880,3069303688,3079780852,3090255284,3100736840,3111204432,3121688080,3132155792,3142640648,3153117036,3163581588,3174060236,3184533148,3195010888,3205484336,3215958872,3226439072,3236913620,3247406424,3257866396,3268342096,3278811668,3289287804,3299763132,3310239816,3320712828,3331189324,3341671108,3352169752,3362621580,3373092992,3383577212,3394041716,3404519400,3414958424,3425490476,3435955408,3446419012,3456909856,3467380080,3477858624,3488339520,3498800684,3509229868,3519751844,3530225472,3540706672,3551176756,3561656044,3572124344,3582604372,3593078988,3603559516,3614034644,3624505264,3634978224,3645457044,3655936188,3666408708,3676881184,3687358828,3697832604,3708307588,3718784348,3729259752,3739737820,3750210920,3760716224,3771159300,3781633972,3792111932,3802593004,
363
10480728,20893788,31415880,41904408,52329864,62862044,73323240,83805576,94277580,104761544,115225824,125713432,136179844,146673028,157143108,167611864,178086784,188560956,199041392,209512328,219988440,230460224,240935156,251412136,261889964,272367192,282838664,293311976,303793688,314268400,324740024,335215308,345693876,356172104,366645184,377120112,387593308,398073492,408546936,419020820,429495184,439973540,450398252,460924920,471408100,481876024,492349956,502828564,513309972,523775420,534256908,544740584,555203716,565686608,576157528,586628080,597105548,607582240,618055940,628527720,639009956,649481260,659956280,670430400,680911676,691382740,701860232,712332404,722751508,733284680,743761868,754227776,764710452,775182328,785663552,796137932,806606148,817093100,827564600,838035468,848515768,858989796,869465236,879939196,890415100,900898556,911367140,921837592,932310316,942841144,953263940,963738888,974213508,984692812,995153340,1005642212,1016103508,1026602816,1037065036,1047545076,1058027508,1068498752,1078974024,1089451080,1099934828,1110401640,1120881912,1131354056,1141830428,1152377572,1162771652,1173253784,1183728420,1194214808,1204681276,1215175908,1225626624,1236104336,1246532540,1257055296,1267525556,1278005908,1288484100,1298962880,1309436000,1319904940,1330377660,1340879988,1351330096,1361805756,1372285816,1382769740,1393253624,1403710124,1414192664,1424665916,1435138896,1445585168,1456088880,1466567864,1476997972,1487520948,1497996968,1508466388,1518940348,1529410196,1539891504,1550363168,1560844236,1571311916,1581833144,1592270800,1602742968,1613215036,1623689672,1634122888,1644643072,1655115724,1665594024,1676067080,1686546668,1697030464,1707492912,1717970000,1728446728,1738947976,1749397464,1759873244,1770343848,1780828932,1791333720,1801776396,1812254160,1822679500,1833154748,1843678748,1854154796,1864636536,1875107068,1885585876,1896063856,1906528344,1917004732,1927484368,1937954908,1948381396,1958907744,1969384788,1979859092,1990338936,2000761224,2011285080,2021760000,2032237952,2042713308,2053185352,2063667096,2074143820,2084611688,2095095704,2105564452,2116045268,2126514928,2136995848,2147421092,2157909600,2168421928,2178900164,2189330372,2199842212,2210319280,2220799256,2231225176,2241751252,2252177880,2262649548,2273172012,2283653200,2294126660,2304602320,2315100056,2325552060,2336021640,2346503336,2356978448,2367406048,2377890020,2388410004,2398880380,2409373412,2419825888,2430301744,2440778100,2451296580,2461730092,2472213220,2482677332,2493158304,2503631112,2514106024,2524582092,2535059732,2545530268,2556012512,2566487880,2576961776,2587438352,2597911472,2608383952,2618859372,2629336844,2639813720,2650290004,2660764252,2671236128,2681712800,2692191680,2702664300,2713137352,2723615204,2734093704,2744571100,2755042352,2765517872,2775996300,2786472728,2796944172,2807420940,2817841320,2828374380,2838842048,2849321120,2859794768,2870269728,2880750084,2891220276,2901698360,2912183576,2922648612,2933123804,2943599520,2954072192,2964551368,2975022724,2985510400,2995983412,3006453004,3016925332,3027411000,3037890916,3048357412,3058835472,3069322032,3079791940,3090205280,3100738432,3111212608,3121688276,3132159188,3142631440,3153116348,3163591160,3174061532,3184544468,3195019284,3205494644,3215960460,3226434964,3236918248,3247393188,3257871704,3268348356,3278827556,3289293120,3299774932,3310206112,3320729160,3331196424,3341669828,3352143692,3362616776,3373099980,3383579816,3394043264,3404520116,3414998140,3425469380,3435948852,3446425292,3456901652,3467376572,3477852640,3488330728,3498798324,3509278036,3519754048,3530231764,3540707100,3551177788,3561653004,3572129888,3582609544,3593094192,3603554476,3614034752,3624494984,3634983028,3645457204,3655941488,3666405800,3676885968,3687362412,3697834624,3708312700,3718785572,3729261232,3739739872,3750214632,3760688564,3771163600,3781642936,3792114568,3802586336,3813066964,3823543228,3834014904,3844487196,
367
12610853,20907444,31379384,41908180,52383936,62860344,73312208,83815600,94288268,104766624,115183372,125714192,136189548,146667100,157150140,167624040,178101184,188578540,199060764,209531496,220002792,230484132,240959188,251429676,261912056,272388248,282872816,293331264,303811252,314288468,324760108,335235120,345708536,356181768,366661868,377132228,387615048,398091416,408570768,419043548,429514008,439987120,450509792,460938476,471415948,481886056,492370080,502843252,513306808,523786716,534283256,544734844,555211868,565690748,576118700,586623264,597129948,607587728,618018680,628502588,639019784,649450400,660007864,670396056,680918960,691396860,701881332,712348804,722820748,733296988,743777248,754242840,764721004,775199712,785679828,796152320,806622972,817101756,827618044,838049840,848525204,859005404,869477464,879950676,890425340,900910480,911384676,921855512,932330348,942805464,953287252,963759952,974238652,984703248,995194944,1005661248,1016138664,1026615768,1037089368,1047571208,1058039708,1068517108,1079000828,1089456156,1099943472,1110415348,1120908008,1131370952,1141844400,1152319300,1162839540,1173277208,1183751436,1194231172,1204702936,1215176240,1225649988,1236127244,1246618720,1257077836,1267547136,1278023584,1288501740,1298979916,1309450156,1319924828,1330400552,1340874456,1351350716,1361819888,1372300892,1382774028,1393257636,1403728964,1414205036,1424671612,1435157364,1445627340,1456106488,1466580736,1477055956,1487533380,1498011400,1508479188,1518952876,1529435532,1539914164,1550386764,1560809468,1571283148,1581824900,1592298752,1602763536,1613242344,1623712460,1634186216,1644667008,1655143076,1665615232,1676089388,1686563596,1697046400,1707515428,1717993980,1728467696,1738987800,1749421516,1759843844,1770366608,1780845560,1791316252,1801798008,1812271564,1822747608,1833218924,1843695692,1854174464,1864649504,1875129696,1885598324,1896078508,1906551904,1917022392,1927506092,1937973216,1948450872,1958927128,1969408516,1979875472,1990352496,2000829260,2011311748,2021779420,2032253872,2042738656,2053215592,2063687596,2074241116,2084634336,2095115900,2105593480,2116157428,2126531360,2137028480,2147481328,2157958836,2168432512,2178952708,2189383200,2199863880,2210330396,2220811668,2231286268,2241783392,2252233652,2262709364,2273185256,2283661416,2294139512,2304615632,2315085280,2325560776,2336040112,2346514456,2356991912,2367421576,2377942560,2388416944,2398889200,2409364532,2419843176,2430315464,2440793536,2451265540,2461753364,2472227660,2482700528,2493171164,2503652164,2514125240,2524600772,2535080684,2545555492,2556051020,2566501968,2576973664,2587449972,2597933520,2608409636,2618873912,2629353892,2639825592,2650305292,2660780200,2671267944,2681732384,2692210772,2702686544,2713161976,2723633532,2734111292,2744591012,2755063372,2765504308,2776014368,2786491028,2796966344,2807442872,2817914908,2828389032,2838860596,2849334452,2859817956,2870294572,2880771188,2891230824,2901720856,2912195696,2922669820,2933146168,2943620636,2954091888,2964570796,2975045344,2985526404,2996005820,3006502460,3016954624,3027432132,3037901424,3048376568,3058853572,3069334272,3079799956,3090280920,3100751756,3111230884,3121705092,3132178936,3142655364,3153137116,3163604560,3174077468,3184550812,3195023672,3205505980,3215978912,3226453044,3236930112,3247403596,3257886672,3268356260,3278828404,3289307684,3299779572,3310262792,3320731116,3331211288,3341684708,3352160972,3362634696,3373115044,3383588652,3394060784,3404535356,3415008976,3425483844,3435961512,3446435536,3456942516,3467387480,3477863996,3488339636,3498815764,3509291028,3519766536,3530252204,3540715344,3551190228,3561667884,3572144168,3582627456,3593098500,3603568672,3614050744,3624526392,3635003008,3645469252,3655946372,3666425044,3676896244,3687375396,3697847488,3708323544,3718802008,3729272044,3739750840,3750256072,3760736876,3771177020,3781649996,3792128212,3802606884,
363
10496829,20960040,31426796,41839660,52392324,62861068,73337576,83816376,94317904,104767332,115247604,125675756,136194016,146666500,157142392,167560504,178090016,188569636,199070544,209524788,219997988,230469556,240948160,251362512,261892260,272371336,282845648,293259340,303806304,314277220,324751688,335220368,345701360,356187448,366637468,377126612,387597008,398079496,408551992,419018380,429494504,439977624,450458884,460871516,471401240,481878188,492356832,502781192,513306768,523781096,534253716,544730604,555209652,565680468,576157904,586573996,597108476,607581992,618057060,628474056,639010556,649559488,659947024,670437324,680912872,691386576,701866716,712343412,722820384,733299472,743766868,754242628,764717292,775194472,785673804,796146412,806616632,817090952,827568096,838041716,848518248,858995244,869466372,879942252,890424568,900901304,911377332,921797620,932288280,942757820,953279592,963755796,974236564,984695204,995188284,1005660172,1016142472,1026608484,1037082924,1047561780,1058025608,1068504384,1078931932,1089476252,1099934104,1110401748,1120879696,1131362692,1141831620,1152306212,1162785484,1173287212,1183732664,1194212172,1204710640,1215158956,1225633788,1236118456,1246591020,1257061220,1267538872,1278013400,1288490724,1298964128,1309479012,1319911824,1330386868,1340865720,1351344516,1361816488,1372290008,1382768328,1393247380,1403714148,1414194516,1424670360,1435141780,1445622656,1456095412,1466568240,1477072996,1487517212,1498006300,1508473676,1518950576,1529432140,1539903364,1550379628,1560848124,1571326500,1581796820,1592275600,1602748628,1613221272,1623699104,1634173444,1644603808,1655127752,1665600564,1676078552,1686556772,1697042020,1707509508,1717985372,1728478252,1738931188,1749413564,1759886732,1770363180,1780835644,1791333812,1801782764,1812268912,1822737312,1833216200,1843696768,1854168360,1864644688,1875117272,1885600084,1896079216,1906540560,1917018600,1927496716,1937971344,1948453908,1958931248,1969400060,1979874092,1990350124,2000823484,2011298612,2021774204,2032246232,2042724496,2053210248,2063675812,2074150404,2084625880,2095104444,2105577384,2116049276,2126530700,2137002088,2147478808,2157949172,2168426120,2178902140,2189414708,2199851568,2210331552,2220804700,2231283424,2241757492,2252235428,2262703768,2273179256,2283654548,2294133692,2304604256,2315079940,2325557820,2336029452,2346510220,2356981876,2367462588,2377937808,2388415220,2398890396,2409365664,2419836588,2430316444,2440785196,2451285628,2461738416,2472214712,2482691404,2493170516,2503663160,2514120460,2524597144,2535078164,2545546852,2556026344,2566499412,2576974704,2587454176,2597919948,2608398472,2618873096,2629351712,2639824424,2650297640,2660795940,2671252276,2681703676,2692210956,2702678900,2713153296,2723625812,2734105552,2744579196,2755061512,2765526104,2776011516,2786513596,2796971240,2807434700,2817906248,2828383272,2838862168,2849331964,2859809860,2870282892,2880766180,2891238184,2901713460,2912189600,2922664812,2933134392,2943610980,2954087808,2964516512,2975037576,2985521320,2995989736,3006467548,3016939780,3027415460,3037890684,3048366108,3058841636,3069317648,3079800308,3090270648,3100698464,3111216044,3121692244,3132170148,3142646812,3153128152,3163595612,3174071144,3184555348,3195020200,3205497392,3215970956,3226450664,3236921948,3247398196,3257876388,3268357060,3278834416,3289305512,3299796740,3310254304,3320726148,3331205724,3341682796,3352156272,3362629412,3373106956,3383586320,3394057804,3404533220,3415009180,3425489036,3435957340,3446433600,3456910812,3467384864,3477857308,3488333440,3498815268,3509279784,3519769600,3530240780,3540715292,3551189136,3561606192,3572065692,3582609640,3593084424,3603562116,3614047120,3624514360,3635003040,3645477624,3655975952,3666417956,3676899964,3687370280,3697850892,3708317304,3718802796,3729272092,3739772436,3750224100,3760696832,3771176736,3781658052,
361
13250568,20935784,31360820,41895468,52372848,62846920,73325960,83796140,94270736,104756416,115221400,125699792,136177308,146651812,157127216,167603032,178076360,188553684,199032964,209494068,219981140,230452220,240932632,251406408,261873728,272355960,282839860,293309780,303787072,314254808,324734712,335204616,345683780,356159324,366640920,377109608,387589104,398067404,408537476,419013100,429444284,439963400,450439996,460910392,471392656,481861976,492342412,502823988,513292536,523772540,534242836,544721868,555195132,565670776,576161348,586567296,597052176,607529572,618017764,628470056,638947092,649419588,659918484,670372212,680846720,691324036,701801308,712274492,722752188,733224168,743718112,754176396,764651792,775135168,785610656,796090720,806562988,817034984,827569260,838030660,848509348,858985068,869468280,879929784,890407932,900885752,911359924,921861740,932311284,942781176,953330768,963733628,974215088,984685092,995163532,1005635720,1016109876,1026585600,1037062920,1047540920,1058016272,1068489564,1078963600,1089442256,1099923592,1110391372,1120867668,1131347896,1141816672,1152293692,1162777584,1173238736,1183717292,1194194920,1204686580,1215147996,1225622204,1236212134,1246571380,1257044516,1267520400,1277996500,1288474352,1298951376,1309418564,1319902428,1330370508,1340847704,1351323324,1361798152,1372293684,1382747988,1393233772,1403704424,1414182304,1424653352,1435127236,1445600352,1456089716,1466552416,1477028016,1487500476,1497981764,1508457432,1518916352,1529407604,1539877476,1550354944,1560828800,1571333452,1581785584,1592265936,1602742924,1613211944,1623692752,1634156600,1644637764,1655118852,1665591924,1676059180,1686546776,1697027812,1707490944,1717960776,1728439388,1738911984,1749393468,1759863860,1770341572,1780822236,1791291264,1801769164,1812245624,1822715684,1833193576,1843666684,1854142868,1864621568,1875032192,1885500664,1896075476,1906524672,1916998092,1927473388,1937953248,1948426452,1958903408,1969399996,1979852564,1990327288,2000807224,2011280228,2021751152,2032225680,2042703828,2053181212,2063650848,2074130152,2084603876,2095082372,2105508732,2116032504,2126533124,2136979556,2147456144,2157934384,2168408868,2178885068,2189362888,2199835252,2210311480,2220782780,2231259588,2241736364,2252211768,2262688232,2273162192,2283642556,2294116572,2304590208,2315066504,2325546292,2336017984,2346490124,2356964808,2367438396,2377914436,2388390820,2398867316,2409344532,2419818536,2430294992,2440773828,2451246532,2461719288,2472194668,2482669240,2493149000,2503622916,2514100008,2524574324,2535045652,2545534268,2556029300,2566479040,2576954616,2587436240,2597902444,2608389760,2618859268,2629335276,2639810172,2650290556,2660762900,2671234388,2681708136,2692185652,2702661500,2713134436,2723613320,2734083488,2744560664,2755038320,2765509156,2775988928,2786462456,2796952068,2807410828,2817890544,2828362680,2838841548,2849317096,2859790016,2870214568,2880739712,2891219280,2901696344,2912173952,2922640260,2933113612,2943600468,2954071796,2964548548,2975022592,2985498504,2995969084,3006451024,3016925216,3027397260,3037875704,3048351248,3058826348,3069301056,3079793088,3090254928,3100727080,3111202148,3121675892,3132155128,3142626468,3153104136,3163577260,3174056208,3184529752,3195033952,3205480080,3215959440,3226435104,3236908344,3247384408,3257896116,3268326024,3278811472,3289281368,3299761992,3310233648,3320711684,3331190292,3341661440,3352135820,3362610776,3373087892,3383561772,3394046968,3404514700,3414990528,3425463068,3435951892,3446421640,3456891924,3467370672,3477812044,3488318796,3498796440,3509260760,3519700672,3530251924,3540644212,3551185928,3561638616,3572124700,3582595420,3593072148,3603546652,3614023132,3624499704,3634969804,3645447152,3655923520,3666402104,3676878776,3687353392,3697828024,3708301232,3718774520,3729251812,3739731228,3750200028,3760681344,3771155524,3781628536,3792102104,3802579808,3813056316,3823530084,3834008456,
366
